<?xml version="1.0" encoding="UTF-8" ?>
<!DOCTYPE mapper
PUBLIC "-//mybatis.org//DTD Mapper 3.0//EN"
"http://mybatis.org/dtd/mybatis-3-mapper.dtd">
<mapper namespace="com.ruoyi.genshin.mapper.AttrMapper">
    
    <resultMap type="Attr" id="AttrResult">
        <result property="id"    column="id"    />
        <result property="name"    column="name"    />
    </resultMap>

    <sql id="selectAttrVo">
        select id, name from shin_attr
    </sql>

    <select id="selectAttrList" parameterType="Attr" resultMap="AttrResult">
        <include refid="selectAttrVo"/>
        <where>  
            <if test="name != null  and name != ''"> and name like concat('%', #{name}, '%')</if>
        </where>
    </select>
    
    <select id="selectAttrById" parameterType="Long" resultMap="AttrResult">
        <include refid="selectAttrVo"/>
        where id = #{id}
    </select>
        
    <insert id="insertAttr" parameterType="Attr" useGeneratedKeys="true" keyProperty="id">
        insert into shin_attr
        <trim prefix="(" suffix=")" suffixOverrides=",">
            <if test="name != null">name,</if>
         </trim>
        <trim prefix="values (" suffix=")" suffixOverrides=",">
            <if test="name != null">#{name},</if>
         </trim>
    </insert>

    <update id="updateAttr" parameterType="Attr">
        update shin_attr
        <trim prefix="SET" suffixOverrides=",">
            <if test="name != null">name = #{name},</if>
        </trim>
        where id = #{id}
    </update>

    <delete id="deleteAttrById" parameterType="Long">
        delete from shin_attr where id = #{id}
    </delete>

    <delete id="deleteAttrByIds" parameterType="String">
        delete from shin_attr where id in 
        <foreach item="id" collection="array" open="(" separator="," close=")">
            #{id}
        </foreach>
    </delete>

</mapper>