<?xml version="1.0" encoding="UTF-8" ?>
<!DOCTYPE mapper
PUBLIC "-//mybatis.org//DTD Mapper 3.0//EN"
"http://mybatis.org/dtd/mybatis-3-mapper.dtd">
<mapper namespace="com.ruoyi.genshin.mapper.PersonaMapper">
    
    <resultMap type="Persona" id="PersonaResult">
        <result property="id"    column="id"    />
        <result property="name"    column="name"    />
        <result property="attrId"    column="attr_id"    />
        <result property="birth"    column="birth"    />
        <result property="defense"    column="defense"    />
        <association property="attr" javaType="com.ruoyi.genshin.domain.Attr" column="attr_id" select="com.ruoyi.genshin.mapper.AttrMapper.selectAttrById">
        </association>
    </resultMap>

    <sql id="selectPersonaVo">
        select id, name, attr_id, birth, defense from shin_persona sp
    </sql>

    <select id="selectPersonaList" parameterType="Persona" resultMap="PersonaResult">
        <include refid="selectPersonaVo"/>
        <where>  
            <if test="name != null  and name != ''"> and name like concat('%', #{name}, '%')</if>
            <if test="attrId != null "> and attr_id = #{attrId}</if>
        </where>
    </select>
    
    <select id="selectPersonaById" parameterType="Long" resultMap="PersonaResult">
        <include refid="selectPersonaVo"/>
        where id = #{id}
    </select>
        
    <insert id="insertPersona" parameterType="Persona" useGeneratedKeys="true" keyProperty="id">
        insert into shin_persona
        <trim prefix="(" suffix=")" suffixOverrides=",">
            <if test="name != null">name,</if>
            <if test="attrId != null">attr_id,</if>
            <if test="birth != null">birth,</if>
            <if test="defense != null">defense,</if>
         </trim>
        <trim prefix="values (" suffix=")" suffixOverrides=",">
            <if test="name != null">#{name},</if>
            <if test="attrId != null">#{attrId},</if>
            <if test="birth != null">#{birth},</if>
            <if test="defense != null">#{defense},</if>
         </trim>
    </insert>

    <update id="updatePersona" parameterType="Persona">
        update shin_persona
        <trim prefix="SET" suffixOverrides=",">
            <if test="name != null">name = #{name},</if>
            <if test="attrId != null">attr_id = #{attrId},</if>
            <if test="birth != null">birth = #{birth},</if>
            <if test="defense != null">defense = #{defense},</if>
        </trim>
        where id = #{id}
    </update>

    <delete id="deletePersonaById" parameterType="Long">
        delete from shin_persona where id = #{id}
    </delete>

    <delete id="deletePersonaByIds" parameterType="String">
        delete from shin_persona where id in 
        <foreach item="id" collection="array" open="(" separator="," close=")">
            #{id}
        </foreach>
    </delete>

</mapper>