<?xml version="1.0" encoding="UTF-8" ?>
<!DOCTYPE mapper
PUBLIC "-//mybatis.org//DTD Mapper 3.0//EN"
"http://mybatis.org/dtd/mybatis-3-mapper.dtd">
<mapper namespace="com.ruoyi.messagebook.mapper.BannerMapper">
    
    <resultMap type="Banner" id="BannerResult">
        <result property="id"    column="id"    />
        <result property="imgUrl"    column="img_url"    />
        <result property="link"    column="link"    />
        <result property="text"    column="text"    />
        <result property="createDate"    column="create_date"    />
        <result property="startDate"    column="start_date"    />
        <result property="endDate"    column="end_date"    />
        <result property="ispay"    column="ispay"    />
        <result property="clickCount"    column="click_count"    />
        <result property="showCount"    column="show_count"    />
    </resultMap>

    <sql id="selectBannerVo">
        select id, img_url, link, text, create_date, start_date, end_date, ispay, click_count, show_count from banner
    </sql>

    <select id="selectBannerList" parameterType="Banner" resultMap="BannerResult">
        <include refid="selectBannerVo"/>
        <where>  
            <if test="createDate != null "> and create_date = #{createDate}</if>
            <if test="startDate != null  and startDate != ''"> and start_date = #{startDate}</if>
            <if test="endDate != null  and endDate != ''"> and end_date = #{endDate}</if>
            <if test="ispay != null  and ispay != ''"> and ispay = #{ispay}</if>
            <if test="clickCount != null "> and click_count = #{clickCount}</if>
            <if test="showCount != null "> and show_count = #{showCount}</if>
        </where>
    </select>
    
    <select id="selectBannerById" parameterType="Long" resultMap="BannerResult">
        <include refid="selectBannerVo"/>
        where id = #{id}
    </select>
        
    <insert id="insertBanner" parameterType="Banner" useGeneratedKeys="true" keyProperty="id">
        insert into banner
        <trim prefix="(" suffix=")" suffixOverrides=",">
            <if test="imgUrl != null">img_url,</if>
            <if test="link != null">link,</if>
            <if test="text != null">text,</if>
            <if test="createDate != null">create_date,</if>
            <if test="startDate != null">start_date,</if>
            <if test="endDate != null">end_date,</if>
            <if test="ispay != null">ispay,</if>
            <if test="clickCount != null">click_count,</if>
            <if test="showCount != null">show_count,</if>
         </trim>
        <trim prefix="values (" suffix=")" suffixOverrides=",">
            <if test="imgUrl != null">#{imgUrl},</if>
            <if test="link != null">#{link},</if>
            <if test="text != null">#{text},</if>
            <if test="createDate != null">#{createDate},</if>
            <if test="startDate != null">#{startDate},</if>
            <if test="endDate != null">#{endDate},</if>
            <if test="ispay != null">#{ispay},</if>
            <if test="clickCount != null">#{clickCount},</if>
            <if test="showCount != null">#{showCount},</if>
         </trim>
    </insert>

    <update id="updateBanner" parameterType="Banner">
        update banner
        <trim prefix="SET" suffixOverrides=",">
            <if test="imgUrl != null">img_url = #{imgUrl},</if>
            <if test="link != null">link = #{link},</if>
            <if test="text != null">text = #{text},</if>
            <if test="createDate != null">create_date = #{createDate},</if>
            <if test="startDate != null">start_date = #{startDate},</if>
            <if test="endDate != null">end_date = #{endDate},</if>
            <if test="ispay != null">ispay = #{ispay},</if>
            <if test="clickCount != null">click_count = #{clickCount},</if>
            <if test="showCount != null">show_count = #{showCount},</if>
        </trim>
        where id = #{id}
    </update>

    <delete id="deleteBannerById" parameterType="Long">
        delete from banner where id = #{id}
    </delete>

    <delete id="deleteBannerByIds" parameterType="String">
        delete from banner where id in 
        <foreach item="id" collection="array" open="(" separator="," close=")">
            #{id}
        </foreach>
    </delete>

</mapper>