<?xml version="1.0" encoding="UTF-8" ?>
<!DOCTYPE mapper
PUBLIC "-//mybatis.org//DTD Mapper 3.0//EN"
"http://mybatis.org/dtd/mybatis-3-mapper.dtd">
<mapper namespace="com.ruoyi.messagebook.mapper.MessagebookMapper">
    
    <resultMap type="Messagebook" id="MessagebookResult">
        <result property="messageid"    column="messageid"    />
        <result property="userid"    column="userid"    />
        <result property="createDatetime"    column="create_datetime"    />
        <result property="ip"    column="ip"    />
        <result property="title"    column="title"    />
        <result property="plate"    column="plate"    />
        <result property="emotion"    column="emotion"    />
        <result property="text"    column="text"    />
        <result property="newspaper"    column="newspaper"    />
    </resultMap>

    <sql id="selectMessagebookVo">
        select messageid, userid, create_datetime, ip, title, plate, emotion, text, newspaper from messagebook
    </sql>

    <select id="selectMessagebookList" parameterType="Messagebook" resultMap="MessagebookResult">
        <include refid="selectMessagebookVo"/>
        <where>  
            <if test="userid != null "> and userid = #{userid}</if>
            <if test="ip != null  and ip != ''"> and ip = #{ip}</if>
            <if test="title != null  and title != ''"> and title = #{title}</if>
            <if test="plate != null  and plate != ''"> and plate = #{plate}</if>
            <if test="emotion != null  and emotion != ''"> and emotion = #{emotion}</if>
            <if test="text != null  and text != ''"> and text = #{text}</if>
            <if test="newspaper != null  and newspaper != ''"> and newspaper = #{newspaper}</if>
        </where>
    </select>
    
    <select id="selectMessagebookByMessageid" parameterType="Long" resultMap="MessagebookResult">
        <include refid="selectMessagebookVo"/>
        where messageid = #{messageid}
    </select>
        
    <insert id="insertMessagebook" parameterType="Messagebook" useGeneratedKeys="true" keyProperty="messageid">
        insert into messagebook
        <trim prefix="(" suffix=")" suffixOverrides=",">
            <if test="userid != null">userid,</if>
            <if test="createDatetime != null">create_datetime,</if>
            <if test="ip != null">ip,</if>
            <if test="title != null">title,</if>
            <if test="plate != null">plate,</if>
            <if test="emotion != null">emotion,</if>
            <if test="text != null">text,</if>
            <if test="newspaper != null">newspaper,</if>
         </trim>
        <trim prefix="values (" suffix=")" suffixOverrides=",">
            <if test="userid != null">#{userid},</if>
            <if test="createDatetime != null">#{createDatetime},</if>
            <if test="ip != null">#{ip},</if>
            <if test="title != null">#{title},</if>
            <if test="plate != null">#{plate},</if>
            <if test="emotion != null">#{emotion},</if>
            <if test="text != null">#{text},</if>
            <if test="newspaper != null">#{newspaper},</if>
         </trim>
    </insert>

    <update id="updateMessagebook" parameterType="Messagebook">
        update messagebook
        <trim prefix="SET" suffixOverrides=",">
            <if test="userid != null">userid = #{userid},</if>
            <if test="createDatetime != null">create_datetime = #{createDatetime},</if>
            <if test="ip != null">ip = #{ip},</if>
            <if test="title != null">title = #{title},</if>
            <if test="plate != null">plate = #{plate},</if>
            <if test="emotion != null">emotion = #{emotion},</if>
            <if test="text != null">text = #{text},</if>
            <if test="newspaper != null">newspaper = #{newspaper},</if>
        </trim>
        where messageid = #{messageid}
    </update>

    <delete id="deleteMessagebookByMessageid" parameterType="Long">
        delete from messagebook where messageid = #{messageid}
    </delete>

    <delete id="deleteMessagebookByMessageids" parameterType="String">
        delete from messagebook where messageid in 
        <foreach item="messageid" collection="array" open="(" separator="," close=")">
            #{messageid}
        </foreach>
    </delete>

</mapper>