<?xml version="1.0" encoding="UTF-8" ?>
<!DOCTYPE mapper
PUBLIC "-//mybatis.org//DTD Mapper 3.0//EN"
"http://mybatis.org/dtd/mybatis-3-mapper.dtd">
<mapper namespace="com.ruoyi.messagebook.mapper.UserinfoMapper">
    
    <resultMap type="Userinfo" id="UserinfoResult">
        <result property="userid"    column="userid"    />
        <result property="username"    column="username"    />
        <result property="password"    column="password"    />
        <result property="regDatetime"    column="reg_datetime"    />
        <result property="role"    column="role"    />
        <result property="regIp"    column="reg_ip"    />
        <result property="mobile"    column="mobile"    />
        <result property="sex"    column="sex"    />
        <result property="isActive"    column="isActive"    />
        <result property="isVip"    column="isVip"    />
    </resultMap>

    <sql id="selectUserinfoVo">
        select userid, username, password, reg_datetime, role, reg_ip, mobile, sex, isActive, isVip from userinfo
    </sql>

    <select id="selectUserinfoList" parameterType="Userinfo" resultMap="UserinfoResult">
        <include refid="selectUserinfoVo"/>
        <where>  
            <if test="username != null  and username != ''"> and username like concat('%', #{username}, '%')</if>
            <if test="password != null  and password != ''"> and password = #{password}</if>
            <if test="regDatetime != null "> and reg_datetime = #{regDatetime}</if>
            <if test="role != null "> and role = #{role}</if>
            <if test="regIp != null  and regIp != ''"> and reg_ip = #{regIp}</if>
            <if test="mobile != null  and mobile != ''"> and mobile = #{mobile}</if>
            <if test="sex != null "> and sex = #{sex}</if>
            <if test="isActive != null "> and isActive = #{isActive}</if>
            <if test="isVip != null "> and isVip = #{isVip}</if>
        </where>
    </select>

    <select id="selectUserinfoLogin" parameterType="Userinfo" resultMap="UserinfoResult">
        <include refid="selectUserinfoVo"/>
        <where>
            <if test="username != null  and username != ''"> and username = #{username}</if>
            <if test="password != null  and password != ''"> and password = #{password}</if>
        </where>
    </select>
    
    <select id="selectUserinfoByUserid" parameterType="Long" resultMap="UserinfoResult">
        <include refid="selectUserinfoVo"/>
        where userid = #{userid}
    </select>
        
    <insert id="insertUserinfo" parameterType="Userinfo" useGeneratedKeys="true" keyProperty="userid">
        insert into userinfo
        <trim prefix="(" suffix=")" suffixOverrides=",">
            <if test="username != null and username != ''">username,</if>
            <if test="password != null and password != ''">password,</if>
            <if test="regDatetime != null">reg_datetime,</if>
            <if test="role != null">role,</if>
            <if test="regIp != null">reg_ip,</if>
            <if test="mobile != null and mobile != ''">mobile,</if>
            <if test="sex != null">sex,</if>
            <if test="isActive != null">isActive,</if>
            <if test="isVip != null">isVip,</if>
         </trim>
        <trim prefix="values (" suffix=")" suffixOverrides=",">
            <if test="username != null and username != ''">#{username},</if>
            <if test="password != null and password != ''">#{password},</if>
            <if test="regDatetime != null">#{regDatetime},</if>
            <if test="role != null">#{role},</if>
            <if test="regIp != null">#{regIp},</if>
            <if test="mobile != null and mobile != ''">#{mobile},</if>
            <if test="sex != null">#{sex},</if>
            <if test="isActive != null">#{isActive},</if>
            <if test="isVip != null">#{isVip},</if>
         </trim>
    </insert>

    <update id="updateUserinfo" parameterType="Userinfo">
        update userinfo
        <trim prefix="SET" suffixOverrides=",">
            <if test="username != null and username != ''">username = #{username},</if>
            <if test="password != null and password != ''">password = #{password},</if>
            <if test="regDatetime != null">reg_datetime = #{regDatetime},</if>
            <if test="role != null">role = #{role},</if>
            <if test="regIp != null">reg_ip = #{regIp},</if>
            <if test="mobile != null and mobile != ''">mobile = #{mobile},</if>
            <if test="sex != null">sex = #{sex},</if>
            <if test="isActive != null">isActive = #{isActive},</if>
            <if test="isVip != null">isVip = #{isVip},</if>
        </trim>
        where userid = #{userid}
    </update>

    <delete id="deleteUserinfoByUserid" parameterType="Long">
        delete from userinfo where userid = #{userid}
    </delete>

    <delete id="deleteUserinfoByUserids" parameterType="String">
        delete from userinfo where userid in 
        <foreach item="userid" collection="array" open="(" separator="," close=")">
            #{userid}
        </foreach>
    </delete>

</mapper>