<?xml version="1.0" encoding="UTF-8" ?>
<!DOCTYPE mapper
PUBLIC "-//mybatis.org//DTD Mapper 3.0//EN"
"http://mybatis.org/dtd/mybatis-3-mapper.dtd">
<mapper namespace="com.ruoyi.kaifamiao.mapper.KfmMapper">
    
    <resultMap type="Kfm" id="KfmResult">
        <result property="id"    column="id"    />
        <result property="username"    column="username"    />
        <result property="password"    column="password"    />
        <result property="createDate"    column="create_date"    />
        <result property="age"    column="age"    />
        <result property="content"    column="content"    />
    </resultMap>

    <sql id="selectKfmVo">
        select id, username, password, create_date, age, content from kfm
    </sql>

    <select id="selectKfmList" parameterType="Kfm" resultMap="KfmResult">
        <include refid="selectKfmVo"/>
        <where>  
            <if test="username != null  and username != ''"> and username like concat('%', #{username}, '%')</if>
            <if test="createDate != null "> and create_date = #{createDate}</if>
            <if test="age != null "> and age = #{age}</if>
        </where>
    </select>
    
    <select id="selectKfmById" parameterType="Long" resultMap="KfmResult">
        <include refid="selectKfmVo"/>
        where id = #{id}
    </select>
        
    <insert id="insertKfm" parameterType="Kfm" useGeneratedKeys="true" keyProperty="id">
        insert into kfm
        <trim prefix="(" suffix=")" suffixOverrides=",">
            <if test="username != null and username != ''">username,</if>
            <if test="password != null and password != ''">password,</if>
            <if test="createDate != null">create_date,</if>
            <if test="age != null">age,</if>
            <if test="content != null">content,</if>
         </trim>
        <trim prefix="values (" suffix=")" suffixOverrides=",">
            <if test="username != null and username != ''">#{username},</if>
            <if test="password != null and password != ''">#{password},</if>
            <if test="createDate != null">#{createDate},</if>
            <if test="age != null">#{age},</if>
            <if test="content != null">#{content},</if>
         </trim>
    </insert>

    <update id="updateKfm" parameterType="Kfm">
        update kfm
        <trim prefix="SET" suffixOverrides=",">
            <if test="username != null and username != ''">username = #{username},</if>
            <if test="password != null and password != ''">password = #{password},</if>
            <if test="createDate != null">create_date = #{createDate},</if>
            <if test="age != null">age = #{age},</if>
            <if test="content != null">content = #{content},</if>
        </trim>
        where id = #{id}
    </update>

    <delete id="deleteKfmById" parameterType="Long">
        delete from kfm where id = #{id}
    </delete>

    <delete id="deleteKfmByIds" parameterType="String">
        delete from kfm where id in 
        <foreach item="id" collection="array" open="(" separator="," close=")">
            #{id}
        </foreach>
    </delete>

</mapper>